{
	"textures": {
		"bed": "blocks/bed",
		"particle": "blocks/planks_oak"
	},
	"elements": [
		{
			"name": "bed_foot",
			"from": [0, 3, 0],
			"to": [16, 9, 16],
			"rotation": {"angle": 0, "axis": "y", "origin": [8, 16, 16]},
			"faces": {
				"north": {"uv": [5.5, 7, 9.5, 5.5], "texture": "#bed"},
				"east": {"uv": [0, 7, 1.5, 11], "rotation": 270, "texture": "#bed"},
				"west": {"uv": [5.5, 7, 7, 11], "rotation": 90, "texture": "#bed"},
				"up": {"uv": [1.5, 7, 5.5, 11], "rotation": 180, "texture": "#bed"},
				"down": {"uv": [7, 7, 11, 11], "texture": "#bed"}
			}
		},
		{
			"name": "leg_1",
			"from": [13, 0, 0],
			"to": [16, 3, 3],
			"rotation": {"angle": 0, "axis": "y", "origin": [8, 16, 16]},
			"faces": {
				"north": {"uv": [13.25, 0.75, 14, 1.5], "texture": "#bed"},
				"east": {"uv": [12.5, 0.75, 13.25, 1.5], "texture": "#bed"},
				"south": {"uv": [14.75, 0.75, 15.5, 1.5], "texture": "#bed"},
				"west": {"uv": [14, 0.75, 14.75, 1.5], "texture": "#bed"},
				"up": {"uv": [13.25, 0, 14, 0.75], "rotation": 180, "texture": "#bed"},
				"down": {"uv": [14, 0, 14.75, 0.75], "rotation": 180, "texture": "#bed"}
			}
		},
		{
			"name": "leg_3",
			"from": [0, 0, 0],
			"to": [3, 3, 3],
			"rotation": {"angle": 0, "axis": "y", "origin": [8, 16, 16]},
			"faces": {
				"north": {"uv": [12.5, 3.75, 13.25, 4.5], "texture": "#bed"},
				"east": {"uv": [14.75, 3.75, 15.5, 4.5], "texture": "#bed"},
				"south": {"uv": [14, 3.75, 14.75, 4.5], "texture": "#bed"},
				"west": {"uv": [13.25, 3.75, 14, 4.5], "texture": "#bed"},
				"up": {"uv": [13.25, 3, 14, 3.75], "rotation": 270, "texture": "#bed"},
				"down": {"uv": [14, 3, 14.75, 3.75], "rotation": 270, "texture": "#bed"}
			}
		}
	]
}