{
	"textures": {
		"bed": "blocks/bed"
	},
	"elements": [
		{
			"name": "bed_head",
			"from": [0, 3, 8],
			"to": [16, 9, 24],
			"rotation": {"angle": 0, "axis": "y", "origin": [8, 16, 8]},
			"faces": {
				"east": {"uv": [0, 1.5, 1.5, 5.5], "rotation": 270, "texture": "#bed"},
				"south": {"uv": [1.5, 1.5, 5.5, 0], "texture": "#bed"},
				"west": {"uv": [5.5, 1.5, 7, 5.5], "rotation": 90, "texture": "#bed"},
				"up": {"uv": [1.5, 1.5, 5.5, 5.5], "rotation": 180, "texture": "#bed"},
				"down": {"uv": [7, 1.5, 11, 5.5], "texture": "#bed"}
			}
		},
		{
			"name": "bed_feet",
			"from": [0, 3, -8],
			"to": [16, 9, 8],
			"rotation": {"angle": 0, "axis": "y", "origin": [8, 16, 8]},
			"faces": {
				"north": {"uv": [5.5, 7, 9.5, 5.5], "texture": "#bed"},
				"east": {"uv": [0, 7, 1.5, 11], "rotation": 270, "texture": "#bed"},
				"west": {"uv": [5.5, 7, 7, 11], "rotation": 90, "texture": "#bed"},
				"up": {"uv": [1.5, 7, 5.5, 11], "rotation": 180, "texture": "#bed"},
				"down": {"uv": [7, 7, 11, 11], "texture": "#bed"}
			}
		},
		{
			"name": "leg_1",
			"from": [13, 0, -8],
			"to": [16, 3, -5],
			"rotation": {"angle": 0, "axis": "y", "origin": [8, 16, 8]},
			"faces": {
				"north": {"uv": [13.25, 0.75, 14, 1.5], "texture": "#bed"},
				"east": {"uv": [12.5, 0.75, 13.25, 1.5], "texture": "#bed"},
				"south": {"uv": [14.75, 0.75, 15.5, 1.5], "texture": "#bed"},
				"west": {"uv": [14, 0.75, 14.75, 1.5], "texture": "#bed"},
				"up": {"uv": [13.25, 0, 14, 0.75], "rotation": 180, "texture": "#bed"},
				"down": {"uv": [14, 0, 14.75, 0.75], "rotation": 180, "texture": "#bed"}
			}
		},
		{
			"name": "leg_2",
			"from": [13, 0, 21],
			"to": [16, 3, 24],
			"rotation": {"angle": 0, "axis": "y", "origin": [8, 16, 8]},
			"faces": {
				"north": {"uv": [14, 2.25, 14.75, 3], "texture": "#bed"},
				"east": {"uv": [13.25, 2.25, 14, 3], "texture": "#bed"},
				"south": {"uv": [12.5, 2.25, 13.25, 3], "texture": "#bed"},
				"west": {"uv": [14.75, 2.25, 15.5, 3], "texture": "#bed"},
				"up": {"uv": [13.25, 1.5, 14, 2.25], "rotation": 90, "texture": "#bed"},
				"down": {"uv": [14, 1.5, 14.75, 2.25], "rotation": 90, "texture": "#bed"}
			}
		},
		{
			"name": "leg_3",
			"from": [0, 0, -8],
			"to": [3, 3, -5],
			"rotation": {"angle": 0, "axis": "y", "origin": [8, 16, 8]},
			"faces": {
				"north": {"uv": [12.5, 3.75, 13.25, 4.5], "texture": "#bed"},
				"east": {"uv": [14.75, 3.75, 15.5, 4.5], "texture": "#bed"},
				"south": {"uv": [14, 3.75, 14.75, 4.5], "texture": "#bed"},
				"west": {"uv": [13.25, 3.75, 14, 4.5], "texture": "#bed"},
				"up": {"uv": [13.25, 3, 14, 3.75], "rotation": 270, "texture": "#bed"},
				"down": {"uv": [14, 3, 14.75, 3.75], "rotation": 270, "texture": "#bed"}
			}
		},
		{
			"name": "leg_4",
			"from": [0, 0, 21],
			"to": [3, 3, 24],
			"rotation": {"angle": 0, "axis": "y", "origin": [8, 16, 8]},
			"faces": {
				"north": {"uv": [14.75, 5.25, 15.5, 6], "texture": "#bed"},
				"east": {"uv": [14, 5.25, 14.75, 6], "texture": "#bed"},
				"south": {"uv": [13.25, 5.25, 14, 6], "texture": "#bed"},
				"west": {"uv": [12.5, 5.25, 13.25, 6], "texture": "#bed"},
				"up": {"uv": [13.25, 4.5, 14, 5.25], "texture": "#bed"},
				"down": {"uv": [14, 3, 14.75, 3.75], "texture": "#bed"}
			}
		}
	]
}