{
	"ambientocclusion": false,
	"textures": {
		"particle": "#pane"
	},
	"elements": [
		{
			"name": "n",
			"from": [7, 0, 0],
			"to": [9, 16, 7],
			"shade": false,
			"faces": {
				"north": {"uv": [7, 0, 9, 16], "texture": "#edge", "cullface": "north"},
				"east": {"uv": [9, 0, 16, 16], "texture": "#pane"},
				"west": {"uv": [0, 0, 7, 16], "texture": "#pane"},
				"up": {"uv": [7, 0, 9, 7], "texture": "#edge"},
				"down": {"uv": [7, 9, 9, 16], "texture": "#edge"}
			}
		},
		{
			"name": "s",
			"from": [7, 0, 9],
			"to": [9, 16, 16],
			"shade": false,
			"rotation": {"angle": 0, "axis": "y", "origin": [8, 8, 17]},
			"faces": {
				"east": {"uv": [0, 0, 7, 16], "texture": "#pane"},
				"south": {"uv": [7, 0, 9, 16], "texture": "#edge", "cullface": "south"},
				"west": {"uv": [9, 0, 16, 16], "texture": "#pane"},
				"up": {"uv": [7, 9, 9, 16], "texture": "#edge"},
				"down": {"uv": [7, 0, 9, 7], "texture": "#edge"}
			}
		},
		{
			"name": "ew",
			"from": [0, 0, 7],
			"to": [16, 16, 9],
			"shade": false,
			"faces": {
				"north": {"uv": [0, 0, 16, 16], "texture": "#pane"},
				"east": {"uv": [7, 0, 9, 16], "texture": "#edge", "cullface": "east"},
				"south": {"uv": [0, 0, 16, 16], "texture": "#pane"},
				"west": {"uv": [7, 0, 9, 16], "texture": "#edge", "cullface": "west"},
				"up": {"uv": [7, 0, 9, 16], "rotation": 90, "texture": "#edge"},
				"down": {"uv": [7, 0, 9, 16], "rotation": 90, "texture": "#edge"}
			}
		}
	]
}